{
  "view/Overview.view.xml": 1761309786392,
  "controller/Overview.controller.js": 1761309651098,
  "model/formatter.js": 1761308637535,
  "model/models.js": 1761238012146,
  "controller/App.controller.js": 1761238012146,
  "manifest.json": 1761307476584,
  "Component.js": 1761238012138,
  "Component-dbg.js": 1761238012138,
  "Component.js.map": 1761310029674,
  "model/formatter-dbg.js": 1761308637535,
  "model/formatter.js.map": 1761310029628,
  "model/models-dbg.js": 1761238012146,
  "model/models.js.map": 1761310029677,
  "controller/App-dbg.controller.js": 1761238012146,
  "controller/App.controller.js.map": 1761310029723,
  "controller/Overview-dbg.controller.js": 1761309651098,
  "controller/Overview.controller.js.map": 1761310029655,
  "Component-preload.js": 1761310029914,
  "Component-preload.js.map": 1761310029914,
  "i18n/i18n.properties": 1761238066051,
  "view/App.view.xml": 1761238012150,
  "css/style.css": 1761238012150,
  "index.html": 1761238012142
}